{"stats":{"minecraft:picked_up":{"minecraft:tripwire_hook":1,"minecraft:stone_button":1,"minecraft:oak_button":2},"minecraft:used":{"minecraft:dark_oak_stairs":88,"minecraft:nether_brick_fence":850,"minecraft:iron_bars":1744,"minecraft:iron_ore":356,"minecraft:cobblestone_stairs":67,"minecraft:spruce_door":1,"minecraft:acacia_log":120,"minecraft:dead_bush":88,"minecraft:orange_concrete":2,"minecraft:snow_block":3,"minecraft:birch_planks":64,"minecraft:oak_planks":3029,"minecraft:armor_stand":15,"minecraft:redstone":33,"minecraft:red_concrete":1,"minecraft:red_sandstone_slab":57,"minecraft:dispenser":10,"minecraft:prismarine":2428,"minecraft:carrot_on_a_stick":515,"minecraft:poppy":2,"minecraft:ladder":5,"minecraft:oak_sign":49,"minecraft:blue_wool":2,"minecraft:light_blue_terracotta":233,"minecraft:chest":5,"minecraft:white_terracotta":25531,"minecraft:sandstone":2161,"minecraft:stone":10324,"minecraft:redstone_block":38,"minecraft:cauldron":14,"minecraft:quartz_stairs":495,"minecraft:clay":1614,"minecraft:spruce_fence_gate":16,"minecraft:oak_leaves":2657,"minecraft:white_wool":5981,"minecraft:torch":2,"minecraft:dirt":3946,"minecraft:sand":2,"minecraft:anvil":60,"minecraft:terracotta":65,"minecraft:yellow_terracotta":55,"minecraft:white_carpet":363,"minecraft:hopper":40,"minecraft:oak_slab":1903,"minecraft:tnt":1,"minecraft:crafting_table":20,"minecraft:nether_bricks":20,"minecraft:spruce_stairs":101,"minecraft:cobblestone_wall":805,"minecraft:black_banner":123,"minecraft:light_gray_terracotta":19,"minecraft:chiseled_quartz_block":6,"minecraft:note_block":8,"minecraft:spruce_fence":125,"minecraft:end_stone":243,"minecraft:blue_concrete":1,"minecraft:nether_brick_stairs":61,"minecraft:obsidian":3,"minecraft:polished_diorite":9,"minecraft:red_sandstone_stairs":10,"minecraft:birch_fence":51,"minecraft:redstone_torch":5,"minecraft:oak_log":905,"minecraft:piston":46,"minecraft:glass":30,"minecraft:flower_pot":5,"minecraft:red_sandstone":462,"minecraft:dark_prismarine":216,"minecraft:lever":5,"minecraft:acacia_stairs":50,"minecraft:cyan_terracotta":110,"minecraft:sea_lantern":501,"minecraft:black_concrete":3,"minecraft:bricks":2416,"minecraft:quartz_pillar":95,"minecraft:light_gray_stained_glass":65,"minecraft:daylight_detector":6,"minecraft:string":18,"minecraft:command_block":20,"minecraft:sunflower":17,"minecraft:red_wool":2,"minecraft:heavy_weighted_pressure_plate":4,"minecraft:iron_block":1497,"minecraft:grass_block":2,"minecraft:oak_stairs":65,"minecraft:brick_stairs":8,"minecraft:barrier":712,"minecraft:oak_button":15,"minecraft:stone_button":118,"minecraft:quartz_block":10998,"minecraft:lapis_ore":338,"minecraft:red_terracotta":18,"minecraft:iron_door":111,"minecraft:stone_brick_stairs":368,"minecraft:stone_bricks":1859,"minecraft:item_frame":15,"minecraft:bedrock":532,"minecraft:light_gray_wool":234,"minecraft:tripwire_hook":196,"minecraft:coal_block":143,"minecraft:glowstone":23,"minecraft:repeater":24,"minecraft:redstone_lamp":124,"minecraft:cobblestone":2979,"minecraft:bow":19,"minecraft:hay_block":6,"minecraft:iron_trapdoor":51,"minecraft:furnace":18,"minecraft:white_stained_glass_pane":512,"minecraft:dark_oak_fence":45,"minecraft:white_stained_glass":1390,"minecraft:chain_command_block":3,"minecraft:acacia_fence":10,"minecraft:smooth_stone_slab":17351,"minecraft:skeleton_skull":5,"minecraft:trapped_chest":3,"minecraft:white_concrete":120,"minecraft:dandelion":2,"minecraft:smooth_stone":6,"minecraft:birch_stairs":1},"minecraft:custom":{"minecraft:interact_with_furnace":1,"minecraft:play_one_minute":3919728,"minecraft:leave_game":45,"minecraft:time_since_death":3919728,"minecraft:climb_one_cm":142,"minecraft:time_since_rest":397345,"minecraft:sprint_one_cm":2053684,"minecraft:walk_one_cm":4097867,"minecraft:drop":199,"minecraft:fly_one_cm":17469269,"minecraft:crouch_one_cm":194588,"minecraft:sneak_time":5658,"minecraft:jump":11576,"minecraft:inspect_dispenser":1}},"DataVersion":1976}