{"stats":{"minecraft:killed_by":{"minecraft:zombie":2},"minecraft:custom":{"minecraft:interact_with_smithing_table":1,"minecraft:mob_kills":225,"minecraft:leave_game":255,"minecraft:time_since_death":577499,"minecraft:climb_one_cm":1485,"minecraft:sprint_one_cm":1489745,"minecraft:damage_blocked_by_shield":170,"minecraft:walk_one_cm":1247618,"minecraft:drop":105,"minecraft:target_hit":176,"minecraft:play_time":1296492,"minecraft:deaths":3,"minecraft:sneak_time":69343,"minecraft:walk_under_water_one_cm":2133,"minecraft:jump":5168,"minecraft:walk_on_water_one_cm":2549,"minecraft:total_world_time":3395498,"minecraft:interact_with_furnace":3,"minecraft:time_since_rest":577525,"minecraft:damage_taken":1568,"minecraft:damage_dealt":43196,"minecraft:fly_one_cm":11869507,"minecraft:crouch_one_cm":69911,"minecraft:aviate_one_cm":657740,"minecraft:fall_one_cm":35836},"minecraft:used":{"minecraft:trident":41,"minecraft:netherite_sword":899,"minecraft:iron_bars":8,"minecraft:waxed_weathered_copper":2,"minecraft:polished_deepslate":1414,"minecraft:smooth_quartz_slab":879,"minecraft:spruce_slab":25,"minecraft:dispenser":1,"minecraft:redstone":104,"minecraft:ladder":2,"minecraft:elytra":8,"minecraft:oak_sign":45,"minecraft:white_concrete_powder":475,"minecraft:chest":1,"minecraft:shield":5,"minecraft:stone":132,"minecraft:iron_sword":63,"minecraft:zombie_spawn_egg":4,"minecraft:quartz_stairs":250,"minecraft:polished_blackstone_wall":4,"minecraft:player_head":2,"minecraft:debug_stick":48,"minecraft:iron_chestplate":1,"minecraft:orange_stained_glass":28,"minecraft:oxidized_cut_copper":5,"minecraft:torch":97,"minecraft:dragon_egg":1,"minecraft:dirt":4,"minecraft:anvil":2,"minecraft:target":47,"minecraft:hopper":8,"minecraft:blue_stained_glass":134,"minecraft:twisting_vines":52,"minecraft:spruce_stairs":9,"minecraft:cobblestone_wall":9,"minecraft:glow_lichen":35,"minecraft:light_blue_stained_glass":385,"minecraft:nether_brick_stairs":6,"minecraft:polished_diorite":13,"minecraft:polished_deepslate_stairs":40,"minecraft:birch_door":1,"minecraft:waxed_oxidized_copper":51,"minecraft:honey_block":1,"minecraft:sea_lantern":146,"minecraft:cyan_terracotta":514,"minecraft:quartz_pillar":1885,"minecraft:red_wool":2,"minecraft:quartz_slab":8,"minecraft:warped_hyphae":5,"minecraft:iron_block":156,"minecraft:grass_block":183,"minecraft:green_wool":41,"minecraft:polished_deepslate_wall":16,"minecraft:quartz_block":94,"minecraft:dark_oak_wood":132,"minecraft:dark_oak_slab":16,"minecraft:smooth_quartz":3128,"minecraft:raw_gold_block":51,"minecraft:diorite_wall":2,"minecraft:item_frame":2,"minecraft:golden_sword":1,"minecraft:birch_button":1,"minecraft:birch_trapdoor":32,"minecraft:repeater":471,"minecraft:redstone_lamp":98,"minecraft:lime_concrete":80,"minecraft:bow":503,"minecraft:emerald_block":93,"minecraft:iron_trapdoor":126,"minecraft:furnace":13,"minecraft:oxidized_copper":16,"minecraft:deepslate_tile_stairs":23,"minecraft:oxidized_cut_copper_stairs":5,"minecraft:gold_block":44,"minecraft:fire_coral_fan":17,"minecraft:cobbled_deepslate":590,"minecraft:observer":8,"minecraft:calcite":729,"minecraft:quartz_bricks":695,"minecraft:dark_oak_stairs":6,"minecraft:water_bucket":12,"minecraft:warped_stem":24,"minecraft:leather_leggings":1,"minecraft:end_rod":8,"minecraft:amethyst_block":98,"minecraft:snow_block":15,"minecraft:dark_oak_sign":12,"minecraft:lime_wool":1,"minecraft:jungle_fence":20,"minecraft:oak_planks":457,"minecraft:waxed_oxidized_cut_copper":13,"minecraft:blackstone":7,"minecraft:leather_chestplate":1,"minecraft:composter":7,"minecraft:redstone_block":278,"minecraft:spruce_sign":18,"minecraft:cauldron":1,"minecraft:beacon":3,"minecraft:diamond_axe":1165,"minecraft:glow_ink_sac":10,"minecraft:leather_boots":1,"minecraft:smooth_quartz_stairs":589,"minecraft:glow_item_frame":29,"minecraft:polished_blackstone_pressure_plate":7,"minecraft:polished_deepslate_slab":476,"minecraft:dark_oak_trapdoor":5,"minecraft:diamond_block":108,"minecraft:oak_slab":2,"minecraft:crafting_table":11,"minecraft:birch_sign":3,"minecraft:cyan_dye":11,"minecraft:sponge":464,"minecraft:chiseled_quartz_block":56,"minecraft:painting":8,"minecraft:warped_planks":11,"minecraft:dark_oak_door":31,"minecraft:cyan_stained_glass":6,"minecraft:lightning_rod":3,"minecraft:redstone_torch":32,"minecraft:deepslate_tile_wall":66,"minecraft:deepslate_tiles":259,"minecraft:blue_stained_glass_pane":16,"minecraft:sticky_piston":17,"minecraft:dead_fire_coral_fan":2,"minecraft:netherite_block":133,"minecraft:lever":2,"minecraft:green_concrete":9,"minecraft:light":126,"minecraft:black_concrete":346,"minecraft:firework_rocket":71,"minecraft:warped_trapdoor":43,"minecraft:command_block":335,"minecraft:heavy_weighted_pressure_plate":5,"minecraft:barrier":8,"minecraft:oak_button":5,"minecraft:lectern":5,"minecraft:leather_helmet":1,"minecraft:polished_granite":2,"minecraft:spruce_trapdoor":15,"minecraft:iron_door":5,"minecraft:deepslate":186,"minecraft:stripped_warped_hyphae":51,"minecraft:diamond_sword":50,"minecraft:wooden_sword":10,"minecraft:smithing_table":101,"minecraft:dark_oak_fence":28,"minecraft:chain_command_block":520,"minecraft:repeating_command_block":93,"minecraft:polished_blackstone_button":4,"minecraft:warped_button":1,"minecraft:birch_stairs":1,"minecraft:gray_stained_glass":476},"minecraft:dropped":{"minecraft:iron_sword":1,"minecraft:diamond":94,"minecraft:cyan_terracotta":1,"minecraft:iron_leggings":2,"minecraft:light":1,"minecraft:potato":1,"minecraft:iron_chestplate":3,"minecraft:dragon_egg":1,"minecraft:bow":1},"minecraft:killed":{"minecraft:zombie":225},"minecraft:picked_up":{"minecraft:iron_chestplate":10,"minecraft:leather_leggings":4,"minecraft:light":1,"minecraft:wooden_sword":2,"minecraft:iron_leggings":5,"minecraft:oak_sign":4,"minecraft:diamond_leggings":1,"minecraft:redstone_torch":3,"minecraft:iron_boots":2,"minecraft:glow_item_frame":1,"minecraft:torch":1,"minecraft:stone_sword":6,"minecraft:rotten_flesh":291,"minecraft:diamond_chestplate":1,"minecraft:cyan_terracotta":1,"minecraft:leather_chestplate":1,"minecraft:potato":2,"minecraft:twisting_vines":19,"minecraft:leather_boots":3,"minecraft:iron_ingot":3,"minecraft:iron_sword":2,"minecraft:dragon_egg":1,"minecraft:leather_helmet":5,"minecraft:diamond":1,"minecraft:polished_blackstone_pressure_plate":1,"minecraft:polished_blackstone_button":1,"minecraft:iron_helmet":2,"minecraft:painting":7},"minecraft:crafted":{"minecraft:iron_helmet":1}},"DataVersion":2865}